{
  "features": [
    "sma20",
    "sma50",
    "ema20",
    "ema50",
    "rsi",
    "macd",
    "macd_signal",
    "macd_hist",
    "atr",
    "adx",
    "bb_middle",
    "bb_upper",
    "bb_lower",
    "vwap",
    "obv",
    "stoch_rsi",
    "roc",
    "momentum",
    "historical_volatility",
    "drawdown",
    "beta",
    "lag_close_1",
    "lag_volume_1",
    "lag_close_2",
    "lag_volume_2",
    "lag_close_3",
    "lag_volume_3",
    "lag_close_4",
    "lag_volume_4",
    "lag_close_5",
    "lag_volume_5",
    "lag_close_6",
    "lag_volume_6",
    "lag_close_7",
    "lag_volume_7",
    "lag_close_8",
    "lag_volume_8",
    "lag_close_9",
    "lag_volume_9",
    "lag_close_10",
    "lag_volume_10",
    "lag_rsi_1",
    "lag_macd_1",
    "lag_rsi_2",
    "lag_macd_2",
    "lag_rsi_3",
    "lag_macd_3",
    "lag_rsi_4",
    "lag_macd_4",
    "lag_rsi_5",
    "lag_macd_5"
  ],
  "metrics": {
    "xgboost": {
      "name": "XGBoost",
      "train_acc": 0.6950935496532775,
      "val_acc": 0.7099027409372237,
      "test_acc": 0.719279201042119,
      "precision": 0.3552123552123552,
      "recall": 0.014397496087636933,
      "f1": 0.027673334335990375,
      "auc": 0.5444918630371975,
      "win_rate": 54.054054054054056
    },
    "lightgbm": {
      "name": "LightGBM",
      "train_acc": 0.6950804657856863,
      "val_acc": 0.7087533156498673,
      "test_acc": 0.7169778549717759,
      "precision": 0.3128654970760234,
      "recall": 0.01674491392801252,
      "f1": 0.031788472964943554,
      "auc": 0.5473568554758035,
      "win_rate": 51.461988304093566
    }
  },
  "top_features": [
    "drawdown",
    "historical_volatility",
    "obv",
    "beta",
    "vwap",
    "bb_lower",
    "atr",
    "macd_hist",
    "stoch_rsi",
    "rsi",
    "adx",
    "lag_rsi_5",
    "macd_signal",
    "lag_volume_1",
    "lag_macd_5",
    "bb_upper",
    "lag_volume_3",
    "lag_close_2",
    "macd",
    "lag_rsi_1"
  ],
  "feature_importances": {
    "drawdown": 0.11141707475471488,
    "historical_volatility": 0.08344374543621465,
    "obv": 0.054134262716645516,
    "beta": 0.043641565065742675,
    "vwap": 0.03712846110943406,
    "bb_lower": 0.031432852208596755,
    "atr": 0.031042290605226373,
    "macd_hist": 0.022413519336901926,
    "stoch_rsi": 0.017689854790648673,
    "rsi": 0.01492455342239213,
    "adx": 0.014375150875201534,
    "lag_rsi_5": 0.013032943917793973,
    "macd_signal": 0.0125839690283478,
    "lag_volume_1": 0.011185280844935098,
    "lag_macd_5": 0.01090262485077042,
    "bb_upper": 0.009357837083272513,
    "lag_volume_3": 0.008931442961910242,
    "lag_close_2": 0.008910642114330401,
    "macd": 0.008790247019433931,
    "lag_rsi_1": 0.008553108376133338,
    "lag_close_6": 0.00839945795220532,
    "lag_macd_4": 0.00794803703994445,
    "roc": 0.007540291132864571,
    "lag_close_5": 0.007173858373522761,
    "ema20": 0.0069442014352285725,
    "lag_macd_1": 0.006809510857322775,
    "momentum": 0.006790703874189701,
    "lag_macd_2": 0.006592169308021158,
    "ema50": 0.006187147873774109,
    "lag_volume_7": 0.006089903757311765,
    "sma50": 0.006014613251033995,
    "sma20": 0.005718307295490279,
    "lag_close_1": 0.005670353403908994,
    "lag_close_9": 0.005355689519629609,
    "lag_volume_10": 0.005199169462413559,
    "lag_macd_3": 0.004630567289496145,
    "lag_close_10": 0.004471704491736641,
    "lag_rsi_4": 0.004412353241103322,
    "lag_volume_6": 0.0043633055038492215,
    "lag_volume_2": 0.004149193824535476,
    "lag_volume_4": 0.003987781607547361,
    "lag_volume_5": 0.0038779483186542865,
    "lag_rsi_3": 0.003744931238939466,
    "lag_volume_9": 0.0036315762921473155,
    "lag_volume_8": 0.0035533751275458256,
    "lag_rsi_2": 0.0032362677262431083,
    "lag_close_8": 0.0031505236476512084,
    "lag_close_3": 0.0023692468449150127,
    "lag_close_4": 0.0019559115913528086,
    "lag_close_7": 0.0009980927026130096,
    "bb_middle": 0.0
  }
}